{
	"providers": [
		{
			"type": "bitmap",
			"file": "minecraft:font/crown.png",
			"ascent": 8,
			"height": 8,
			"chars": ["👑"]
		},
		{
			"type": "bitmap",
			"file": "minecraft:font/logo.png",
			"ascent": 0,
			"height": 30,
			"chars": ["\uf000"]
		},
		{
			"type": "bitmap",
			"file": "minecraft:font/disconnected.png",
			"ascent": 7,
			"height": 8,
			"chars": ["\uf001"]
		},
		{
			"type": "bitmap",
			"file": "minecraft:font/speaker_off.png",
			"ascent": 7,
			"height": 8,
			"chars": ["\uf002"]
		}
	]
}