{
	"credit": "Made with Blockbench",
	"texture_size": [32, 32],
	"textures": {
		"0": "item/emirsword",
		"particle": "item/emirsword"
	},
	"elements": [
		{
			"from": [6, -2, 6.75],
			"to": [10, -1, 9.25],
			"rotation": {"angle": 0, "axis": "y", "origin": [8, 3.69573, 8]},
			"faces": {
				"north": {"uv": [8.5, 4, 10.5, 4.5], "texture": "#0"},
				"east": {"uv": [9, 10, 10.5, 10.5], "texture": "#0"},
				"south": {"uv": [8.5, 4.5, 10.5, 5], "texture": "#0"},
				"west": {"uv": [10, 9, 11.5, 9.5], "texture": "#0"},
				"up": {"uv": [6, 1.5, 4, 0], "texture": "#0"},
				"down": {"uv": [6, 1.5, 4, 3], "texture": "#0"}
			}
		},
		{
			"from": [7, -2, 7],
			"to": [9, 0, 9],
			"rotation": {"angle": -45, "axis": "z", "origin": [8, -1, 8]},
			"faces": {
				"north": {"uv": [5, 9, 6, 10], "texture": "#0"},
				"east": {"uv": [9, 5, 10, 6], "texture": "#0"},
				"south": {"uv": [6, 9, 7, 10], "texture": "#0"},
				"west": {"uv": [7, 9, 8, 10], "texture": "#0"},
				"up": {"uv": [9, 10, 8, 9], "texture": "#0"},
				"down": {"uv": [10, 9, 9, 10], "texture": "#0"}
			}
		},
		{
			"from": [8, -3, 6.5],
			"to": [10, -1, 9.5],
			"rotation": {"angle": -45, "axis": "z", "origin": [8, -1, 8]},
			"faces": {
				"north": {"uv": [0, 9.5, 1, 10.5], "texture": "#0"},
				"east": {"uv": [7, 3, 8.5, 4], "texture": "#0"},
				"south": {"uv": [1, 9.5, 2, 10.5], "texture": "#0"},
				"west": {"uv": [7, 4, 8.5, 5], "texture": "#0"},
				"up": {"uv": [8, 6.5, 7, 5], "texture": "#0"},
				"down": {"uv": [8, 6.5, 7, 8], "texture": "#0"}
			}
		},
		{
			"from": [8.25548, 2.43452, 7.16],
			"to": [9.37548, 3.55452, 8.84],
			"rotation": {"angle": -45, "axis": "z", "origin": [6.53, 5.28, 8]},
			"faces": {
				"north": {"uv": [11, 8.5, 11.5, 9], "texture": "#0"},
				"east": {"uv": [11, 3.5, 12, 4], "texture": "#0"},
				"south": {"uv": [13.5, 1.5, 14, 2], "texture": "#0"},
				"west": {"uv": [5, 11, 6, 11.5], "texture": "#0"},
				"up": {"uv": [11.5, 6, 11, 5], "texture": "#0"},
				"down": {"uv": [6.5, 11, 6, 12], "texture": "#0"}
			}
		},
		{
			"from": [10.25, -3.75, 6.75],
			"to": [10.75, -1, 9.25],
			"rotation": {"angle": -45, "axis": "z", "origin": [8, -1, 8]},
			"faces": {
				"north": {"uv": [0, 10.5, 0.5, 12], "texture": "#0"},
				"east": {"uv": [4, 6, 5.5, 7.5], "texture": "#0"},
				"south": {"uv": [0.5, 10.5, 1, 12], "texture": "#0"},
				"west": {"uv": [5.5, 6, 7, 7.5], "texture": "#0"},
				"up": {"uv": [1.5, 12, 1, 10.5], "texture": "#0"},
				"down": {"uv": [2, 10.5, 1.5, 12], "texture": "#0"}
			}
		},
		{
			"from": [9.51548, 2.01452, 7.3],
			"to": [9.79548, 3.97452, 8.7],
			"rotation": {"angle": -45, "axis": "z", "origin": [6.53, 5.28, 8]},
			"faces": {
				"north": {"uv": [10.5, 11, 11, 12], "texture": "#0"},
				"east": {"uv": [11, 11, 11.5, 12], "texture": "#0"},
				"south": {"uv": [11.5, 0, 12, 1], "texture": "#0"},
				"west": {"uv": [11.5, 1, 12, 2], "texture": "#0"},
				"up": {"uv": [5, 14, 4.5, 13.5], "texture": "#0"},
				"down": {"uv": [5.5, 13.5, 5, 14], "texture": "#0"}
			}
		},
		{
			"from": [4.94452, 2.01452, 7.3],
			"to": [5.22452, 3.97452, 8.7],
			"rotation": {"angle": 45, "axis": "z", "origin": [6.53, 5.28, 8]},
			"faces": {
				"north": {"uv": [7.5, 11.5, 8, 12.5], "texture": "#0"},
				"east": {"uv": [11.5, 7.5, 12, 8.5], "texture": "#0"},
				"south": {"uv": [8, 11.5, 8.5, 12.5], "texture": "#0"},
				"west": {"uv": [11.5, 8.5, 12, 9.5], "texture": "#0"},
				"up": {"uv": [14, 7, 13.5, 6.5], "texture": "#0"},
				"down": {"uv": [7.5, 13.5, 7, 14], "texture": "#0"}
			}
		},
		{
			"from": [8, -3.75, 6.75],
			"to": [10.75, -3.25, 9.25],
			"rotation": {"angle": -45, "axis": "z", "origin": [8, -1, 8]},
			"faces": {
				"north": {"uv": [10, 9.5, 11.5, 10], "texture": "#0"},
				"east": {"uv": [2, 10.5, 3.5, 11], "texture": "#0"},
				"south": {"uv": [3.5, 10.5, 5, 11], "texture": "#0"},
				"west": {"uv": [10.5, 4, 12, 4.5], "texture": "#0"},
				"up": {"uv": [8.5, 1.5, 7, 0], "texture": "#0"},
				"down": {"uv": [8.5, 1.5, 7, 3], "texture": "#0"}
			}
		},
		{
			"from": [7.83548, 2.01452, 7.3],
			"to": [9.79548, 2.29452, 8.7],
			"rotation": {"angle": -45, "axis": "z", "origin": [6.53, 5.28, 8]},
			"faces": {
				"north": {"uv": [11.5, 9.5, 12.5, 10], "texture": "#0"},
				"east": {"uv": [13.5, 8, 14, 8.5], "texture": "#0"},
				"south": {"uv": [12, 3, 13, 3.5], "texture": "#0"},
				"west": {"uv": [8.5, 13.5, 9, 14], "texture": "#0"},
				"up": {"uv": [13, 4, 12, 3.5], "texture": "#0"},
				"down": {"uv": [5, 12, 4, 12.5], "texture": "#0"}
			}
		},
		{
			"from": [3.26452, 3.69452, 7.3],
			"to": [5.22452, 3.97452, 8.7],
			"rotation": {"angle": 45, "axis": "z", "origin": [6.53, 5.28, 8]},
			"faces": {
				"north": {"uv": [12, 8, 13, 8.5], "texture": "#0"},
				"east": {"uv": [13.5, 9.5, 14, 10], "texture": "#0"},
				"south": {"uv": [8.5, 12, 9.5, 12.5], "texture": "#0"},
				"west": {"uv": [10, 13.5, 10.5, 14], "texture": "#0"},
				"up": {"uv": [13, 9, 12, 8.5], "texture": "#0"},
				"down": {"uv": [13, 9, 12, 9.5], "texture": "#0"}
			}
		},
		{
			"from": [5.38672, -2.25403, 6.75],
			"to": [7.38672, -1.25403, 9.25],
			"rotation": {"angle": 45, "axis": "z", "origin": [7.38672, 3.4417, 8]},
			"faces": {
				"north": {"uv": [12.5, 0.5, 13.5, 1], "texture": "#0"},
				"east": {"uv": [10.5, 4.5, 12, 5], "texture": "#0"},
				"south": {"uv": [12.5, 1, 13.5, 1.5], "texture": "#0"},
				"west": {"uv": [10.5, 6, 12, 6.5], "texture": "#0"},
				"up": {"uv": [5, 9, 4, 7.5], "texture": "#0"},
				"down": {"uv": [6, 7.5, 5, 9], "texture": "#0"}
			}
		},
		{
			"from": [8.61328, -2.25403, 6.75],
			"to": [10.61328, -1.25403, 9.25],
			"rotation": {"angle": -45, "axis": "z", "origin": [8.61328, 3.4417, 8]},
			"faces": {
				"north": {"uv": [12.5, 1.5, 13.5, 2], "texture": "#0"},
				"east": {"uv": [10.5, 6.5, 12, 7], "texture": "#0"},
				"south": {"uv": [2, 12.5, 3, 13], "texture": "#0"},
				"west": {"uv": [10.5, 7, 12, 7.5], "texture": "#0"},
				"up": {"uv": [7, 9, 6, 7.5], "texture": "#0"},
				"down": {"uv": [9, 5, 8, 6.5], "texture": "#0"}
			}
		},
		{
			"from": [9.85355, -2.93934, 7.5],
			"to": [10.85355, -0.93934, 8.5],
			"rotation": {"angle": 22.5, "axis": "z", "origin": [10.35355, -0.93934, 8]},
			"faces": {
				"north": {"uv": [6, 12, 6.5, 13], "texture": "#0"},
				"east": {"uv": [12.5, 2, 13, 3], "texture": "#0"},
				"south": {"uv": [3, 12.5, 3.5, 13.5], "texture": "#0"},
				"west": {"uv": [3.5, 12.5, 4, 13.5], "texture": "#0"},
				"up": {"uv": [14, 12, 13.5, 11.5], "texture": "#0"},
				"down": {"uv": [12.5, 13.5, 12, 14], "texture": "#0"}
			}
		},
		{
			"from": [9.09632, -3.21067, 7.525],
			"to": [10.09632, -1.21067, 8.475],
			"rotation": {"angle": 45, "axis": "z", "origin": [9.59632, -1.21067, 8]},
			"faces": {
				"north": {"uv": [4, 12.5, 4.5, 13.5], "texture": "#0"},
				"east": {"uv": [4.5, 12.5, 5, 13.5], "texture": "#0"},
				"south": {"uv": [5, 12.5, 5.5, 13.5], "texture": "#0"},
				"west": {"uv": [5.5, 12.5, 6, 13.5], "texture": "#0"},
				"up": {"uv": [14, 12.5, 13.5, 12], "texture": "#0"},
				"down": {"uv": [13, 13.5, 12.5, 14], "texture": "#0"}
			}
		},
		{
			"from": [5.90368, -3.21067, 7.525],
			"to": [6.90368, -1.21067, 8.475],
			"rotation": {"angle": -45, "axis": "z", "origin": [6.40368, -1.21067, 8]},
			"faces": {
				"north": {"uv": [6.5, 12.5, 7, 13.5], "texture": "#0"},
				"east": {"uv": [7, 12.5, 7.5, 13.5], "texture": "#0"},
				"south": {"uv": [7.5, 12.5, 8, 13.5], "texture": "#0"},
				"west": {"uv": [8, 12.5, 8.5, 13.5], "texture": "#0"},
				"up": {"uv": [14, 13, 13.5, 12.5], "texture": "#0"},
				"down": {"uv": [13.5, 13.5, 13, 14], "texture": "#0"}
			}
		},
		{
			"from": [5.14645, -2.93934, 7.5],
			"to": [6.14645, -0.93934, 8.5],
			"rotation": {"angle": -22.5, "axis": "z", "origin": [5.64645, -0.93934, 8]},
			"faces": {
				"north": {"uv": [8.5, 12.5, 9, 13.5], "texture": "#0"},
				"east": {"uv": [9, 12.5, 9.5, 13.5], "texture": "#0"},
				"south": {"uv": [9.5, 12.5, 10, 13.5], "texture": "#0"},
				"west": {"uv": [10, 12.5, 10.5, 13.5], "texture": "#0"},
				"up": {"uv": [14, 13.5, 13.5, 13], "texture": "#0"},
				"down": {"uv": [14, 13.5, 13.5, 14], "texture": "#0"}
			}
		},
		{
			"from": [12.11314, 1.44163, 6.75],
			"to": [12.61314, 2.94163, 9.25],
			"rotation": {"angle": -22.5, "axis": "z", "origin": [6.91741, 3.44163, 8]},
			"faces": {
				"north": {"uv": [10.5, 12.5, 11, 13.5], "texture": "#0"},
				"east": {"uv": [8, 6.5, 9.5, 7.5], "texture": "#0"},
				"south": {"uv": [11, 12.5, 11.5, 13.5], "texture": "#0"},
				"west": {"uv": [7, 8, 8.5, 9], "texture": "#0"},
				"up": {"uv": [11, 9, 10.5, 7.5], "texture": "#0"},
				"down": {"uv": [9.5, 10.5, 9, 12], "texture": "#0"}
			}
		},
		{
			"from": [10.48624, -0.76546, 7],
			"to": [10.98624, 1.23454, 9],
			"rotation": {"angle": -45, "axis": "z", "origin": [10.73624, -0.01546, 8]},
			"faces": {
				"north": {"uv": [11.5, 12.5, 12, 13.5], "texture": "#0"},
				"east": {"uv": [2, 9.5, 3, 10.5], "texture": "#0"},
				"south": {"uv": [12, 12.5, 12.5, 13.5], "texture": "#0"},
				"west": {"uv": [3, 9.5, 4, 10.5], "texture": "#0"},
				"up": {"uv": [13, 13, 12.5, 12], "texture": "#0"},
				"down": {"uv": [0.5, 13, 0, 14], "texture": "#0"}
			}
		},
		{
			"from": [5.01376, -0.76546, 7],
			"to": [5.51376, 1.23454, 9],
			"rotation": {"angle": 45, "axis": "z", "origin": [5.26376, -0.01546, 8]},
			"faces": {
				"north": {"uv": [0.5, 13, 1, 14], "texture": "#0"},
				"east": {"uv": [9.5, 6, 10.5, 7], "texture": "#0"},
				"south": {"uv": [1, 13, 1.5, 14], "texture": "#0"},
				"west": {"uv": [9.5, 7, 10.5, 8], "texture": "#0"},
				"up": {"uv": [2, 14, 1.5, 13], "texture": "#0"},
				"down": {"uv": [2.5, 13, 2, 14], "texture": "#0"}
			}
		},
		{
			"from": [8.69424, -1.32009, 7.25],
			"to": [10.44424, -0.57009, 8.75],
			"rotation": {"angle": 22.5, "axis": "z", "origin": [9.44424, -0.82009, 8]},
			"faces": {
				"north": {"uv": [12.5, 9.5, 13.5, 10], "texture": "#0"},
				"east": {"uv": [13, 2, 14, 2.5], "texture": "#0"},
				"south": {"uv": [13, 2.5, 14, 3], "texture": "#0"},
				"west": {"uv": [13, 3, 14, 3.5], "texture": "#0"},
				"up": {"uv": [10.5, 9, 9.5, 8], "texture": "#0"},
				"down": {"uv": [11, 0, 10, 1], "texture": "#0"}
			}
		},
		{
			"from": [5.55576, -1.32009, 7.25],
			"to": [7.30576, -0.57009, 8.75],
			"rotation": {"angle": -22.5, "axis": "z", "origin": [6.55576, -0.82009, 8]},
			"faces": {
				"north": {"uv": [13, 3.5, 14, 4], "texture": "#0"},
				"east": {"uv": [13, 4, 14, 4.5], "texture": "#0"},
				"south": {"uv": [13, 4.5, 14, 5], "texture": "#0"},
				"west": {"uv": [13, 5, 14, 5.5], "texture": "#0"},
				"up": {"uv": [11, 2, 10, 1], "texture": "#0"},
				"down": {"uv": [11, 2, 10, 3], "texture": "#0"}
			}
		},
		{
			"from": [3.38686, 1.44163, 6.75],
			"to": [3.88686, 2.94163, 9.25],
			"rotation": {"angle": 22.5, "axis": "z", "origin": [9.08259, 3.44163, 8]},
			"faces": {
				"north": {"uv": [2.5, 13, 3, 14], "texture": "#0"},
				"east": {"uv": [8.5, 0, 10, 1], "texture": "#0"},
				"south": {"uv": [13, 5.5, 13.5, 6.5], "texture": "#0"},
				"west": {"uv": [8.5, 1, 10, 2], "texture": "#0"},
				"up": {"uv": [10, 12, 9.5, 10.5], "texture": "#0"},
				"down": {"uv": [10.5, 10.5, 10, 12], "texture": "#0"}
			}
		},
		{
			"from": [7, -8, 7],
			"to": [9, -2, 9],
			"rotation": {"angle": 0, "axis": "y", "origin": [8, 3.69573, 8]},
			"faces": {
				"north": {"uv": [4, 3, 5, 6], "texture": "#0"},
				"east": {"uv": [5, 3, 6, 6], "texture": "#0"},
				"south": {"uv": [6, 0, 7, 3], "texture": "#0"},
				"west": {"uv": [6, 3, 7, 6], "texture": "#0"},
				"up": {"uv": [11, 4, 10, 3], "texture": "#0"},
				"down": {"uv": [6, 10, 5, 11], "texture": "#0"}
			}
		},
		{
			"from": [6.5, -1, 7.7505],
			"to": [9.5, 18, 8.2495],
			"rotation": {"angle": 0, "axis": "y", "origin": [8.5, 0.69573, 8.25]},
			"faces": {
				"north": {"uv": [0, 0, 1.5, 9.5], "texture": "#0"},
				"east": {"uv": [3, 0, 3.5, 9.5], "texture": "#0"},
				"south": {"uv": [1.5, 0, 3, 9.5], "texture": "#0"},
				"west": {"uv": [3.5, 0, 4, 9.5], "texture": "#0"},
				"up": {"uv": [12, 10.5, 10.5, 10], "texture": "#0"},
				"down": {"uv": [12, 10.5, 10.5, 11], "texture": "#0"}
			}
		},
		{
			"from": [6.5, 18, 7.7505],
			"to": [7.5, 19, 8.2495],
			"rotation": {"angle": 0, "axis": "y", "origin": [8.5, 0.69573, 8.25]},
			"faces": {
				"north": {"uv": [0, 14, 0.5, 14.5], "texture": "#0"},
				"east": {"uv": [0.5, 14, 1, 14.5], "texture": "#0"},
				"south": {"uv": [14, 0.5, 14.5, 1], "texture": "#0"},
				"west": {"uv": [1, 14, 1.5, 14.5], "texture": "#0"},
				"up": {"uv": [14.5, 1.5, 14, 1], "texture": "#0"},
				"down": {"uv": [2, 14, 1.5, 14.5], "texture": "#0"}
			}
		},
		{
			"from": [6.5, 19, 7.7505],
			"to": [7.5, 19.6, 8.2495],
			"rotation": {"angle": 0, "axis": "y", "origin": [8.5, 0.69573, 8]},
			"faces": {
				"north": {"uv": [14, 1.5, 14.5, 2], "texture": "#0"},
				"east": {"uv": [2, 14, 2.5, 14.5], "texture": "#0"},
				"south": {"uv": [14, 2, 14.5, 2.5], "texture": "#0"},
				"west": {"uv": [2.5, 14, 3, 14.5], "texture": "#0"},
				"up": {"uv": [14.5, 3, 14, 2.5], "texture": "#0"},
				"down": {"uv": [14.5, 3, 14, 3.5], "texture": "#0"}
			}
		},
		{
			"from": [7.5, 18, 7.7505],
			"to": [8.5, 19, 8.2495],
			"rotation": {"angle": 0, "axis": "y", "origin": [8.5, 0.69573, 8]},
			"faces": {
				"north": {"uv": [3.5, 14, 4, 14.5], "texture": "#0"},
				"east": {"uv": [14, 3.5, 14.5, 4], "texture": "#0"},
				"south": {"uv": [4, 14, 4.5, 14.5], "texture": "#0"},
				"west": {"uv": [14, 4, 14.5, 4.5], "texture": "#0"},
				"up": {"uv": [5, 14.5, 4.5, 14], "texture": "#0"},
				"down": {"uv": [14.5, 4.5, 14, 5], "texture": "#0"}
			}
		},
		{
			"from": [7.23223, 17.06066, 7.75],
			"to": [8.23223, 20.31066, 8.25],
			"rotation": {"angle": 45, "axis": "z", "origin": [7.73223, 19.06066, 8.25]},
			"faces": {
				"north": {"uv": [11, 0, 11.5, 1.5], "texture": "#0"},
				"east": {"uv": [11, 1.5, 11.5, 3], "texture": "#0"},
				"south": {"uv": [2, 11, 2.5, 12.5], "texture": "#0"},
				"west": {"uv": [2.5, 11, 3, 12.5], "texture": "#0"},
				"up": {"uv": [5.5, 14.5, 5, 14], "texture": "#0"},
				"down": {"uv": [14.5, 5, 14, 5.5], "texture": "#0"}
			}
		},
		{
			"from": [7.5, -9.25, 6.75],
			"to": [9.75, -7, 9.25],
			"rotation": {"angle": -45, "axis": "z", "origin": [8, -7.5, 8]},
			"faces": {
				"north": {"uv": [10, 5, 11, 6], "texture": "#0"},
				"east": {"uv": [8.5, 2, 10, 3], "texture": "#0"},
				"south": {"uv": [6, 10, 7, 11], "texture": "#0"},
				"west": {"uv": [8.5, 3, 10, 4], "texture": "#0"},
				"up": {"uv": [9.5, 9, 8.5, 7.5], "texture": "#0"},
				"down": {"uv": [5, 9, 4, 10.5], "texture": "#0"}
			}
		},
		{
			"from": [9, -9.75, 7],
			"to": [9.75, -7.75, 9],
			"rotation": {"angle": -22.5, "axis": "z", "origin": [8, -7.5, 8]},
			"faces": {
				"north": {"uv": [6, 13, 6.5, 14], "texture": "#0"},
				"east": {"uv": [7, 10, 8, 11], "texture": "#0"},
				"south": {"uv": [13, 6.5, 13.5, 7.5], "texture": "#0"},
				"west": {"uv": [8, 10, 9, 11], "texture": "#0"},
				"up": {"uv": [13.5, 8.5, 13, 7.5], "texture": "#0"},
				"down": {"uv": [13.5, 8.5, 13, 9.5], "texture": "#0"}
			}
		},
		{
			"from": [8.98798, -9.7271, 7],
			"to": [9.73798, -8.3771, 9],
			"rotation": {"angle": -45, "axis": "z", "origin": [6.98798, -8.1271, 8]},
			"faces": {
				"north": {"uv": [5.5, 14, 6, 14.5], "texture": "#0"},
				"east": {"uv": [13, 10, 14, 10.5], "texture": "#0"},
				"south": {"uv": [14, 5.5, 14.5, 6], "texture": "#0"},
				"west": {"uv": [13, 10.5, 14, 11], "texture": "#0"},
				"up": {"uv": [13.5, 12, 13, 11], "texture": "#0"},
				"down": {"uv": [13.5, 12, 13, 13], "texture": "#0"}
			}
		},
		{
			"from": [8.03536, -10.02911, 7],
			"to": [8.78536, -8.67911, 9],
			"rotation": {"angle": -22.5, "axis": "z", "origin": [6.03536, -8.42911, 8]},
			"faces": {
				"north": {"uv": [6, 14, 6.5, 14.5], "texture": "#0"},
				"east": {"uv": [12.5, 13, 13.5, 13.5], "texture": "#0"},
				"south": {"uv": [14, 6, 14.5, 6.5], "texture": "#0"},
				"west": {"uv": [13.5, 0, 14.5, 0.5], "texture": "#0"},
				"up": {"uv": [14, 1.5, 13.5, 0.5], "texture": "#0"},
				"down": {"uv": [3.5, 13.5, 3, 14.5], "texture": "#0"}
			}
		}
	],
	"gui_light": "front",
	"display": {
		"thirdperson_righthand": {
			"rotation": [0, 90, 0],
			"translation": [0, 12, 0.75]
		},
		"thirdperson_lefthand": {
			"rotation": [0, -90, 0],
			"translation": [0, 12, 0.75]
		},
		"firstperson_righthand": {
			"rotation": [-12.75, 90, 0],
			"translation": [0, 9, 0],
			"scale": [0.70508, 0.70508, 0.70508]
		},
		"firstperson_lefthand": {
			"rotation": [-12.75, -90, 0],
			"translation": [0, 9, 0],
			"scale": [0.70508, 0.70508, 0.70508]
		},
		"ground": {
			"rotation": [45.41, 24.06, 53.95],
			"translation": [-1, 0, 0],
			"scale": [0.6875, 0.6875, 0.6875]
		},
		"gui": {
			"rotation": [0, 0, -45],
			"translation": [1.75, 1.25, 0],
			"scale": [0.64766, 0.64766, 0.64766]
		},
		"head": {
			"translation": [0, 24.25, 0]
		},
		"fixed": {
			"translation": [0, 4.75, -1.5],
			"scale": [1.66797, 1.66797, 1.66797]
		}
	},
	"groups": [
		{
			"name": "emirsword",
			"origin": [8, 8, 8],
			"color": 0,
			"children": [0, 1, 2, 3, 4, 5, 6, 7, 8, 9, 10, 11, 12, 13, 14, 15, 16, 17, 18, 19, 20, 21, 22, 23, 24, 25, 26, 27, 28, 29, 30, 31]
		}
	]
}