{
	"credit": "Made with Blockbench",
	"texture_size": [64, 64],
	"textures": {
		"0": "item/emirtophat",
		"particle": "item/emirtophat"
	},
	"elements": [
		{
			"from": [0, 0, 0],
			"to": [16, 2, 16],
			"faces": {
				"north": {"uv": [7.25, 5.25, 11.25, 5.75], "texture": "#0"},
				"east": {"uv": [7.25, 5.75, 11.25, 6.25], "texture": "#0"},
				"south": {"uv": [7.25, 6.25, 11.25, 6.75], "texture": "#0"},
				"west": {"uv": [7.25, 6.75, 11.25, 7.25], "texture": "#0"},
				"up": {"uv": [4, 4, 0, 0], "texture": "#0"},
				"down": {"uv": [4, 4, 0, 8], "texture": "#0"}
			}
		},
		{
			"from": [1.5, 2, 1.5],
			"to": [14.5, 9, 14.5],
			"rotation": {"angle": 0, "axis": "y", "origin": [0, 2, 0]},
			"faces": {
				"north": {"uv": [4, 6.5, 7.25, 8.25], "texture": "#0"},
				"east": {"uv": [7.25, 0, 10.5, 1.75], "texture": "#0"},
				"south": {"uv": [7.25, 1.75, 10.5, 3.5], "texture": "#0"},
				"west": {"uv": [7.25, 3.5, 10.5, 5.25], "texture": "#0"},
				"up": {"uv": [7.25, 3.25, 4, 0], "texture": "#0"},
				"down": {"uv": [7.25, 3.25, 4, 6.5], "texture": "#0"}
			}
		}
	],
	"display": {
		"thirdperson_righthand": {
			"rotation": [-54, 0, 0],
			"translation": [0, -0.25, -4.25],
			"scale": [0.5, 0.5, 0.5]
		},
		"thirdperson_lefthand": {
			"rotation": [-22.5, 0, 180],
			"translation": [-6.25, -8.25, 10.5],
			"scale": [0.5, 0.5, 0.5]
		},
		"firstperson_righthand": {
			"translation": [-1.75, 4, 1],
			"scale": [0.5, 0.5, 0.5]
		},
		"firstperson_lefthand": {
			"translation": [0, -8.5, 0]
		},
		"ground": {
			"rotation": [10, 0, 0],
			"translation": [0, 2, 0],
			"scale": [0.5, 0.5, 0.5]
		},
		"gui": {
			"rotation": [10, 5, 0],
			"translation": [0, 3, 0],
			"scale": [0.85, 0.85, 0.85]
		},
		"head": {
			"translation": [0, 8, 0]
		},
		"fixed": {
			"rotation": [-90, 0, 0],
			"translation": [0, 0.25, -6.75]
		}
	}
}